order_id,order_date,product_id,product_category,units_sold,unit_price,discount_percent,total_sales_amount,payment_mode,customer_region
ORD100000,14-05-2023,EL9240,TV,2,62134,0,124268,Credit Card,East
ORD100001,27-02-2023,EL7340,Headphones,3,25491,25,57354.75,EMI,Central
ORD100002,07-06-2023,EL5571,Smartwatch,1,6341,20,5072.8,Credit Card,East
ORD100003,19-11-2023,EL8982,TV,1,49623,10,44660.7,EMI,West
ORD100004,26-11-2023,EL3617,Tablet,1,95327,15,81027.95,Credit Card,North
ORD100005,22-02-2023,EL2581,Speaker,1,5338,10,4804.2,Net Banking,North
ORD100006,18-08-2023,EL5866,Smartwatch,4,76431,5,290437.8,UPI,Central
ORD100007,22-01-2023,EL8888,Smartwatch,1,17254,0,17254,UPI,North
ORD100008,23-12-2023,EL1712,TV,4,56860,25,170580,Debit Card,West
ORD100009,07-05-2023,EL6934,Laptop,4,16344,20,52300.8,EMI,Central
ORD100010,05-03-2023,EL2661,Tablet,1,6750,20,5400,EMI,East
ORD100011,13-12-2023,EL6893,TV,1,59756,0,59756,EMI,North
ORD100012,12-04-2023,EL2549,Tablet,2,72957,25,109435.5,Net Banking,South
ORD100013,10-09-2023,EL3680,Tablet,3,110423,0,331269,EMI,North
ORD100014,18-06-2023,EL8276,Speaker,1,63053,5,59900.35,UPI,East
ORD100015,13-07-2023,EL7513,Smartwatch,2,75855,10,136539,Net Banking,Central
ORD100016,09-12-2023,EL7639,Headphones,2,20896,20,33433.6,Credit Card,East
ORD100017,29-08-2023,EL1437,Speaker,3,60761,5,173168.85,EMI,South
ORD100018,20-10-2023,EL4560,Speaker,4,67552,10,243187.2,EMI,West
ORD100019,17-12-2023,EL6695,Tablet,1,82454,5,78331.3,Credit Card,North
ORD100020,16-12-2023,EL1044,Camera,3,95600,25,215100,EMI,Central
ORD100021,30-05-2023,EL9969,Smartwatch,1,117153,20,93722.4,Credit Card,West
ORD100022,15-07-2023,EL3490,Laptop,2,32935,0,65870,Net Banking,East
ORD100023,03-06-2023,EL1770,Speaker,2,42641,0,85282,UPI,Central
ORD100024,11-03-2023,EL5017,Headphones,4,34711,10,124959.6,Credit Card,West
ORD100025,14-02-2023,EL3170,Camera,2,75342,15,128081.4,Debit Card,Central
ORD100026,30-10-2023,EL7631,Camera,2,111896,25,167844,Credit Card,South
ORD100027,14-08-2023,EL6893,Laptop,3,17182,10,46391.4,EMI,South
ORD100028,10-10-2023,EL4379,Speaker,1,92833,15,78908.05,Net Banking,North
ORD100029,06-01-2023,EL7021,Headphones,1,61276,5,58212.2,Net Banking,North
ORD100030,08-03-2023,EL6477,Smartwatch,3,24541,25,55217.25,Credit Card,South
ORD100031,01-08-2023,EL3190,Mobile,4,99457,5,377936.6,UPI,Central
ORD100032,12-05-2023,EL6631,Headphones,1,87310,20,69848,Debit Card,South
ORD100033,28-06-2023,EL7201,Laptop,2,49813,25,74719.5,Net Banking,North
ORD100034,28-03-2023,EL2909,Camera,1,42198,15,35868.3,EMI,South
ORD100035,22-09-2023,EL4460,Smartwatch,2,13820,20,22112,EMI,South
ORD100036,07-11-2023,EL2772,Headphones,4,29070,0,116280,UPI,Central
ORD100037,10-11-2023,EL2618,Mobile,3,74768,15,190658.4,Net Banking,West
ORD100038,25-07-2023,EL7768,Mobile,1,16122,10,14509.8,Credit Card,North
ORD100039,20-05-2023,EL2499,Tablet,3,85559,0,256677,EMI,Central
ORD100040,30-10-2023,EL5420,Tablet,1,78543,0,78543,UPI,South
ORD100041,03-07-2023,EL6122,TV,2,88441,10,159193.8,Net Banking,South
ORD100042,01-11-2023,EL9660,Laptop,3,46786,25,105268.5,Net Banking,West
ORD100043,09-04-2023,EL2084,Speaker,1,99934,0,99934,Net Banking,North
ORD100044,16-12-2023,EL5645,Headphones,2,104804,15,178166.8,Net Banking,North
ORD100045,10-11-2023,EL9967,Headphones,3,11737,20,28168.8,Net Banking,East
ORD100046,16-10-2023,EL8242,Speaker,3,41062,0,123186,EMI,North
ORD100047,29-09-2023,EL1058,TV,1,59237,15,50351.45,UPI,West
ORD100048,22-07-2023,EL1161,Camera,1,56571,5,53742.45,Net Banking,East
ORD100049,26-01-2023,EL8726,Camera,1,30510,15,25933.5,Debit Card,East
ORD100050,24-10-2023,EL6431,TV,2,24426,20,39081.6,Debit Card,South
ORD100051,24-10-2023,EL1592,Camera,1,42265,15,35925.25,UPI,South
ORD100052,08-08-2023,EL2238,Tablet,3,22850,10,61695,Credit Card,North
ORD100053,21-02-2023,EL5232,Headphones,3,71150,20,170760,Credit Card,East
ORD100054,10-02-2023,EL1822,TV,1,92312,25,69234,Credit Card,South
ORD100055,28-10-2023,EL3861,Headphones,1,94613,5,89882.35,Debit Card,West
ORD100056,28-12-2023,EL3483,Speaker,4,79910,10,287676,Credit Card,South
ORD100057,10-11-2023,EL5937,Mobile,3,57375,25,129093.75,EMI,South
ORD100058,20-05-2023,EL4683,Tablet,2,40435,15,68739.5,Net Banking,East
ORD100059,12-11-2023,EL5984,Smartwatch,4,101443,20,324617.6,Debit Card,East
ORD100060,05-01-2023,EL5848,Tablet,1,62132,5,59025.4,UPI,Central
ORD100061,18-08-2023,EL2590,TV,1,83945,10,75550.5,UPI,West
ORD100062,20-11-2023,EL6019,Smartwatch,3,87050,25,195862.5,Net Banking,East
ORD100063,13-05-2023,EL6784,Mobile,1,100402,25,75301.5,Debit Card,North
ORD100064,05-06-2023,EL9638,TV,2,7983,5,15167.7,Credit Card,West
ORD100065,19-11-2023,EL9307,Laptop,3,102241,15,260714.55,Credit Card,West
ORD100066,14-04-2023,EL2879,Headphones,1,25662,5,24378.9,EMI,East
ORD100067,07-07-2023,EL2176,Mobile,3,28510,25,64147.5,EMI,West
ORD100068,28-06-2023,EL5242,Headphones,1,83187,0,83187,Credit Card,East
ORD100069,04-10-2023,EL1373,Camera,1,45998,10,41398.2,UPI,South
ORD100070,20-04-2023,EL1073,Laptop,1,61846,5,58753.7,UPI,Central
ORD100071,09-10-2023,EL8481,Laptop,2,99071,25,148606.5,EMI,South
ORD100072,23-04-2023,EL3412,Mobile,2,11640,15,19788,Net Banking,East
ORD100073,22-07-2023,EL8020,Laptop,3,49547,25,111480.75,Credit Card,East
ORD100074,29-05-2023,EL7704,Smartwatch,1,59620,15,50677,EMI,South
ORD100075,02-06-2023,EL2738,Laptop,1,20317,5,19301.15,EMI,North
ORD100076,25-03-2023,EL3932,Headphones,2,12564,15,21358.8,Credit Card,North
ORD100077,05-09-2023,EL9497,Headphones,1,32345,20,25876,Credit Card,North
ORD100078,21-01-2023,EL1010,TV,2,118824,20,190118.4,UPI,East
ORD100079,25-10-2023,EL6166,Headphones,1,99223,20,79378.4,Net Banking,West
ORD100080,06-12-2023,EL1614,TV,3,84273,0,252819,Net Banking,East
ORD100081,29-09-2023,EL6222,Headphones,1,79859,5,75866.05,Credit Card,West
ORD100082,04-03-2023,EL5455,Smartwatch,1,85765,25,64323.75,Debit Card,South
ORD100083,08-12-2023,EL9742,Speaker,4,115017,25,345051,EMI,Central
ORD100084,28-05-2023,EL6794,TV,2,79038,0,158076,EMI,West
ORD100085,13-09-2023,EL8797,Tablet,1,57393,15,48784.05,Credit Card,North
ORD100086,16-06-2023,EL3139,Camera,1,71081,0,71081,Debit Card,East
ORD100087,11-09-2023,EL7502,Mobile,4,107650,15,366010,UPI,South
ORD100088,12-07-2023,EL9525,Headphones,4,34430,15,117062,Credit Card,North
ORD100089,06-07-2023,EL9365,Laptop,2,80532,10,144957.6,Credit Card,South
ORD100090,16-06-2023,EL8082,Speaker,4,32788,25,98364,EMI,Central
ORD100091,27-09-2023,EL2411,Headphones,3,100505,20,241212,Credit Card,East
ORD100092,10-12-2023,EL8921,Laptop,4,53543,15,182046.2,Credit Card,East
ORD100093,16-02-2023,EL9740,Camera,3,18919,10,51081.3,Credit Card,Central
ORD100094,21-03-2023,EL5424,Camera,2,74346,25,111519,EMI,East
ORD100095,13-08-2023,EL5302,Camera,2,101122,20,161795.2,UPI,West
ORD100096,03-12-2023,EL4032,Laptop,2,44974,15,76455.8,UPI,South
ORD100097,25-03-2023,EL2726,Headphones,2,112309,15,190925.3,Credit Card,North
ORD100098,10-07-2023,EL6083,Camera,2,21371,0,42742,EMI,Central
ORD100099,23-02-2023,EL1511,Smartwatch,3,50084,0,150252,UPI,West
ORD100100,27-03-2023,EL2413,TV,3,34629,25,77915.25,UPI,North
ORD100101,09-08-2023,EL3841,Laptop,2,56184,20,89894.4,UPI,North
ORD100102,10-09-2023,EL3269,Laptop,4,66916,15,227514.4,EMI,Central
ORD100103,22-01-2023,EL6325,Headphones,1,78972,25,59229,EMI,West
ORD100104,21-05-2023,EL1217,Laptop,2,67187,25,100780.5,Credit Card,North
ORD100105,15-12-2023,EL6928,Laptop,4,17984,5,68339.2,Net Banking,North
ORD100106,15-04-2023,EL8615,Camera,1,38039,0,38039,UPI,West
ORD100107,29-04-2023,EL3607,Headphones,2,90431,20,144689.6,Net Banking,East
ORD100108,10-08-2023,EL2757,Camera,2,88691,15,150774.7,EMI,North
ORD100109,19-07-2023,EL2107,TV,3,63606,25,143113.5,EMI,South
ORD100110,04-10-2023,EL9657,Speaker,1,15616,15,13273.6,EMI,West
ORD100111,24-09-2023,EL9556,TV,1,107665,5,102281.75,Net Banking,North
ORD100112,07-09-2023,EL4498,Speaker,4,110373,20,353193.6,EMI,Central
ORD100113,20-05-2023,EL3226,Camera,3,55072,25,123912,Credit Card,South
ORD100114,11-04-2023,EL1444,TV,3,29574,15,75413.7,EMI,North
ORD100115,10-05-2023,EL4714,Headphones,3,8430,0,25290,Debit Card,South
ORD100116,16-08-2023,EL7441,Mobile,3,17676,5,50376.6,Net Banking,South
ORD100117,03-01-2023,EL6583,Camera,1,15816,20,12652.8,Debit Card,East
ORD100118,17-12-2023,EL1055,Speaker,1,37733,5,35846.35,EMI,South
ORD100119,28-02-2023,EL5282,Smartwatch,2,90680,0,181360,Credit Card,East
ORD100120,03-04-2023,EL5831,Speaker,2,7050,20,11280,UPI,West
ORD100121,03-05-2023,EL8584,Smartwatch,3,114996,5,327738.6,EMI,East
ORD100122,23-03-2023,EL3901,Laptop,3,38933,10,105119.1,Credit Card,Central
ORD100123,13-10-2023,EL2538,TV,3,29951,0,89853,Net Banking,North
ORD100124,19-05-2023,EL1468,Smartwatch,2,37413,0,74826,Debit Card,West
ORD100125,04-10-2023,EL2178,Speaker,4,39801,0,159204,Debit Card,West
ORD100126,28-02-2023,EL6954,Laptop,4,60619,10,218228.4,Debit Card,Central
ORD100127,04-01-2023,EL8706,Mobile,2,37913,10,68243.4,Net Banking,East
ORD100128,04-06-2023,EL1478,Headphones,2,117573,15,199874.1,Credit Card,North
ORD100129,15-10-2023,EL8022,Headphones,2,45600,25,68400,Net Banking,East
ORD100130,26-07-2023,EL3703,Headphones,2,62775,5,119272.5,Debit Card,South
ORD100131,27-06-2023,EL3258,Smartwatch,2,95816,15,162887.2,EMI,East
ORD100132,02-07-2023,EL2293,Mobile,2,95093,5,180676.7,UPI,West
ORD100133,12-02-2023,EL4377,Smartwatch,3,117590,25,264577.5,Net Banking,North
ORD100134,07-06-2023,EL8319,TV,3,40400,10,109080,Net Banking,East
ORD100135,09-01-2023,EL4600,Smartwatch,3,9494,25,21361.5,Credit Card,North
ORD100136,19-04-2023,EL1692,Mobile,3,85688,10,231357.6,Credit Card,North
ORD100137,22-06-2023,EL8500,Mobile,2,94431,25,141646.5,Net Banking,South
ORD100138,06-07-2023,EL1434,TV,4,79691,15,270949.4,Debit Card,South
ORD100139,24-05-2023,EL8871,Mobile,1,102419,20,81935.2,UPI,West
ORD100140,23-08-2023,EL3047,Speaker,2,113730,15,193341,Credit Card,Central
ORD100141,28-11-2023,EL6643,Mobile,1,48001,5,45600.95,Debit Card,North
ORD100142,27-04-2023,EL3320,Headphones,4,72364,15,246037.6,EMI,Central
ORD100143,29-04-2023,EL3379,Speaker,3,50028,0,150084,Credit Card,West
ORD100144,09-04-2023,EL8401,Speaker,4,112434,5,427249.2,Debit Card,North
ORD100145,23-06-2023,EL1233,TV,2,102659,25,153988.5,Debit Card,North
ORD100146,24-09-2023,EL6253,Tablet,3,42573,5,121333.05,UPI,Central
ORD100147,16-07-2023,EL7013,Tablet,2,5806,20,9289.6,UPI,East
ORD100148,19-01-2023,EL3839,Mobile,3,61638,10,166422.6,EMI,South
ORD100149,08-02-2023,EL8445,Speaker,1,111506,25,83629.5,Debit Card,East
ORD100150,01-05-2023,EL4592,Tablet,1,34757,5,33019.15,Debit Card,Central
ORD100151,19-09-2023,EL5664,Tablet,1,39636,25,29727,UPI,South
ORD100152,10-04-2023,EL4713,Mobile,4,85097,25,255291,Credit Card,East
ORD100153,10-05-2023,EL2193,Tablet,2,53280,25,79920,Credit Card,South
ORD100154,09-02-2023,EL6761,Smartwatch,4,29262,10,105343.2,Net Banking,North
ORD100155,24-01-2023,EL2428,Laptop,1,85435,15,72619.75,UPI,East
ORD100156,11-05-2023,EL8835,TV,2,67211,25,100816.5,Net Banking,South
ORD100157,30-05-2023,EL3601,Laptop,1,59842,0,59842,UPI,South
ORD100158,15-12-2023,EL9679,Mobile,4,61979,20,198332.8,EMI,South
ORD100159,07-04-2023,EL7844,Headphones,4,119524,10,430286.4,Debit Card,East
ORD100160,10-09-2023,EL8654,TV,4,86470,5,328586,EMI,West
ORD100161,18-05-2023,EL2448,Mobile,1,43197,10,38877.3,UPI,East
ORD100162,10-03-2023,EL8092,Speaker,2,46844,5,89003.6,Debit Card,Central
ORD100163,06-11-2023,EL6236,Headphones,2,69754,10,125557.2,Credit Card,East
ORD100164,17-03-2023,EL4101,Laptop,1,106868,5,101524.6,Credit Card,South
ORD100165,28-12-2023,EL4606,Mobile,2,39157,25,58735.5,Net Banking,North
ORD100166,17-05-2023,EL5826,Speaker,1,82129,15,69809.65,UPI,East
ORD100167,24-02-2023,EL1151,TV,2,45042,5,85579.8,UPI,East
ORD100168,28-03-2023,EL5082,TV,3,66665,5,189995.25,Credit Card,South
ORD100169,20-06-2023,EL2844,Camera,3,87856,0,263568,EMI,North
ORD100170,25-10-2023,EL4721,Speaker,4,32376,5,123028.8,Debit Card,North
ORD100171,15-04-2023,EL2425,Smartwatch,3,114049,0,342147,EMI,Central
ORD100172,16-09-2023,EL1746,Tablet,3,60554,20,145329.6,EMI,East
ORD100173,01-12-2023,EL4018,Headphones,3,19199,25,43197.75,Credit Card,North
ORD100174,28-05-2023,EL8529,Speaker,1,86412,0,86412,Credit Card,North
ORD100175,14-10-2023,EL4266,Camera,3,55948,15,142667.4,Credit Card,West
ORD100176,14-08-2023,EL8897,Tablet,3,78781,25,177257.25,Net Banking,West
ORD100177,03-05-2023,EL6244,Tablet,4,77750,0,311000,EMI,North
ORD100178,20-11-2023,EL4901,Mobile,3,71262,25,160339.5,UPI,Central
ORD100179,15-03-2023,EL1813,Tablet,3,51600,25,116100,Debit Card,North
ORD100180,18-04-2023,EL9390,Smartwatch,2,81898,25,122847,Net Banking,South
ORD100181,13-05-2023,EL7992,TV,4,67483,20,215945.6,UPI,East
ORD100182,27-07-2023,EL7014,Camera,4,23297,15,79209.8,EMI,Central
ORD100183,08-12-2023,EL2586,Tablet,4,35448,10,127612.8,Credit Card,South
ORD100184,30-03-2023,EL8815,Mobile,4,31172,10,112219.2,EMI,Central
ORD100185,06-07-2023,EL1891,Smartwatch,4,47874,0,191496,Debit Card,South
ORD100186,27-12-2023,EL2092,Laptop,4,12657,25,37971,Net Banking,East
ORD100187,15-10-2023,EL5767,TV,1,89386,0,89386,Net Banking,East
ORD100188,20-09-2023,EL5266,TV,3,30425,20,73020,Debit Card,West
ORD100189,19-05-2023,EL3660,Camera,4,31685,20,101392,UPI,South
ORD100190,09-11-2023,EL9064,TV,3,117855,5,335886.75,UPI,West
ORD100191,23-12-2023,EL2559,Tablet,3,29578,20,70987.2,Net Banking,South
ORD100192,19-05-2023,EL3646,Mobile,1,33831,5,32139.45,Net Banking,West
ORD100193,22-10-2023,EL9414,TV,4,12906,15,43880.4,Credit Card,East
ORD100194,09-08-2023,EL9901,TV,2,66413,0,132826,UPI,Central
ORD100195,11-02-2023,EL3264,Laptop,1,59028,15,50173.8,Debit Card,West
ORD100196,17-05-2023,EL6174,Laptop,2,12287,20,19659.2,UPI,South
ORD100197,10-03-2023,EL9005,Headphones,3,38660,15,98583,Credit Card,South
ORD100198,31-10-2023,EL3776,Smartwatch,3,80758,15,205932.9,Net Banking,East
ORD100199,13-01-2023,EL8695,Tablet,1,65504,15,55678.4,Net Banking,South
ORD100200,23-03-2023,EL4337,TV,1,64720,20,51776,Credit Card,North
ORD100201,24-08-2023,EL8733,Speaker,2,107979,25,161968.5,Debit Card,Central
ORD100202,19-03-2023,EL9937,TV,4,39701,15,134983.4,Net Banking,West
ORD100203,19-11-2023,EL6776,Mobile,2,88300,5,167770,EMI,Central
ORD100204,08-08-2023,EL1820,Headphones,1,115177,20,92141.6,Net Banking,East
ORD100205,11-12-2023,EL5442,Smartwatch,2,22674,15,38545.8,EMI,West
ORD100206,11-10-2023,EL2572,Speaker,1,88560,25,66420,Credit Card,West
ORD100207,04-03-2023,EL3829,Headphones,2,116543,20,186468.8,Credit Card,North
ORD100208,12-06-2023,EL8305,Camera,1,28874,10,25986.6,Net Banking,East
ORD100209,18-05-2023,EL8903,Smartwatch,1,48642,25,36481.5,UPI,South
ORD100210,29-01-2023,EL1503,TV,1,102820,5,97679,EMI,North
ORD100211,24-01-2023,EL5492,TV,4,70160,15,238544,Debit Card,North
ORD100212,01-02-2023,EL1134,Smartwatch,2,22602,10,40683.6,Net Banking,Central
ORD100213,02-03-2023,EL1391,TV,2,108320,10,194976,Debit Card,Central
ORD100214,03-11-2023,EL4483,Tablet,2,93801,20,150081.6,Net Banking,Central
ORD100215,20-07-2023,EL3536,Smartwatch,1,30931,10,27837.9,UPI,North
ORD100216,16-09-2023,EL4117,Headphones,2,99377,5,188816.3,UPI,South
ORD100217,08-01-2023,EL9127,Smartwatch,2,34192,5,64964.8,UPI,West
ORD100218,06-01-2023,EL5416,Speaker,1,51542,0,51542,UPI,Central
ORD100219,01-08-2023,EL5086,TV,3,47520,5,135432,Credit Card,South
ORD100220,28-11-2023,EL1390,Tablet,1,69772,25,52329,Credit Card,East
ORD100221,24-01-2023,EL8457,Tablet,2,63762,10,114771.6,EMI,Central
ORD100222,02-03-2023,EL8414,Camera,1,55106,5,52350.7,Debit Card,West
ORD100223,05-02-2023,EL7315,Headphones,3,86121,20,206690.4,Net Banking,East
ORD100224,13-03-2023,EL6277,Laptop,1,30559,0,30559,Net Banking,East
ORD100225,16-05-2023,EL1535,Laptop,2,110595,10,199071,Credit Card,West
ORD100226,23-09-2023,EL4261,Smartwatch,3,38742,0,116226,Net Banking,Central
ORD100227,09-11-2023,EL1302,Camera,4,74669,10,268808.4,Credit Card,North
ORD100228,17-01-2023,EL4384,Mobile,2,85199,20,136318.4,EMI,West
ORD100229,26-12-2023,EL4768,Smartwatch,3,26754,0,80262,Debit Card,West
ORD100230,27-02-2023,EL7457,Camera,3,8972,15,22878.6,EMI,West
ORD100231,10-09-2023,EL3100,Headphones,4,75831,25,227493,UPI,East
ORD100232,01-01-2023,EL4243,Headphones,1,117217,25,87912.75,UPI,South
ORD100233,06-08-2023,EL1186,Headphones,1,46873,10,42185.7,UPI,North
ORD100234,26-04-2023,EL8783,Headphones,2,99661,15,169423.7,EMI,Central
ORD100235,25-10-2023,EL9460,Headphones,4,111532,0,446128,Net Banking,Central
ORD100236,21-04-2023,EL9265,Camera,1,14903,15,12667.55,Debit Card,South
ORD100237,17-03-2023,EL9989,Camera,4,8020,15,27268,UPI,West
ORD100238,26-07-2023,EL1744,Tablet,1,46755,0,46755,UPI,North
ORD100239,08-09-2023,EL1894,Speaker,3,90956,20,218294.4,UPI,Central
ORD100240,23-07-2023,EL7926,Laptop,1,91988,15,78189.8,Debit Card,Central
ORD100241,27-11-2023,EL6041,TV,4,50648,15,172203.2,UPI,West
ORD100242,11-09-2023,EL4218,Headphones,3,108537,20,260488.8,Debit Card,South
ORD100243,26-12-2023,EL6710,Mobile,3,14516,15,37015.8,UPI,North
ORD100244,09-02-2023,EL7255,TV,3,117863,15,300550.65,EMI,South
ORD100245,16-07-2023,EL3831,Camera,4,7396,15,25146.4,EMI,South
ORD100246,01-08-2023,EL3368,Mobile,2,89082,25,133623,Debit Card,North
ORD100247,29-07-2023,EL2989,Mobile,2,24129,5,45845.1,EMI,North
ORD100248,05-09-2023,EL1491,Mobile,2,6591,20,10545.6,Debit Card,Central
ORD100249,21-11-2023,EL8683,Tablet,4,16303,15,55430.2,EMI,Central
ORD100250,15-03-2023,EL9886,Camera,3,35561,25,80012.25,EMI,North
ORD100251,22-03-2023,EL7454,Mobile,2,76719,20,122750.4,Debit Card,East
ORD100252,23-05-2023,EL6961,Headphones,4,97108,10,349588.8,Net Banking,Central
ORD100253,25-09-2023,EL3658,Smartwatch,2,104616,10,188308.8,EMI,East
ORD100254,25-01-2023,EL3498,Mobile,1,91231,15,77546.35,UPI,North
ORD100255,29-01-2023,EL1011,Tablet,2,12314,25,18471,Net Banking,Central
ORD100256,28-06-2023,EL1417,TV,2,24623,25,36934.5,Debit Card,South
ORD100257,19-03-2023,EL7199,Camera,3,72675,20,174420,Net Banking,North
ORD100258,07-04-2023,EL3586,Speaker,4,117992,20,377574.4,Credit Card,West
ORD100259,18-12-2023,EL2818,Tablet,3,101826,25,229108.5,Credit Card,East
ORD100260,19-06-2023,EL7010,Mobile,3,70082,20,168196.8,EMI,North
ORD100261,28-10-2023,EL7273,Camera,3,88624,25,199404,EMI,North
ORD100262,21-07-2023,EL6769,Smartwatch,3,110228,5,314149.8,UPI,Central
ORD100263,21-09-2023,EL1416,Mobile,3,38130,25,85792.5,Net Banking,Central
ORD100264,06-10-2023,EL3101,Tablet,2,56756,10,102160.8,Credit Card,Central
ORD100265,02-04-2023,EL9689,Laptop,3,102624,20,246297.6,EMI,West
ORD100266,16-06-2023,EL9952,Headphones,3,31292,25,70407,Net Banking,Central
ORD100267,05-03-2023,EL4325,Speaker,4,116785,25,350355,EMI,North
ORD100268,29-09-2023,EL9825,TV,1,91206,20,72964.8,EMI,Central
ORD100269,12-09-2023,EL4496,Tablet,2,74274,5,141120.6,Credit Card,South
ORD100270,15-12-2023,EL9438,Camera,2,7469,5,14191.1,Credit Card,Central
ORD100271,15-04-2023,EL6766,Speaker,2,58947,20,94315.2,EMI,West
ORD100272,06-09-2023,EL1574,Speaker,3,27534,0,82602,Debit Card,South
ORD100273,26-02-2023,EL8945,Speaker,3,68620,20,164688,EMI,North
ORD100274,24-03-2023,EL7518,Mobile,3,53874,20,129297.6,EMI,North
ORD100275,03-04-2023,EL7482,Headphones,4,54708,5,207890.4,UPI,East
ORD100276,15-05-2023,EL3587,Mobile,1,79553,5,75575.35,UPI,South
ORD100277,29-08-2023,EL7084,Camera,3,73344,20,176025.6,UPI,East
ORD100278,30-03-2023,EL8920,Mobile,1,54138,20,43310.4,Debit Card,South
ORD100279,21-11-2023,EL3557,Laptop,4,59302,20,189766.4,Debit Card,South
ORD100280,07-02-2023,EL9641,Headphones,2,52638,5,100012.2,EMI,West
ORD100281,07-08-2023,EL3842,Headphones,3,83249,20,199797.6,UPI,East
ORD100282,15-10-2023,EL9196,Camera,1,110865,20,88692,Debit Card,West
ORD100283,27-11-2023,EL8572,TV,1,7719,15,6561.15,Credit Card,South
ORD100284,01-12-2023,EL8737,Laptop,3,27890,0,83670,EMI,North
ORD100285,22-04-2023,EL7152,Tablet,2,82236,10,148024.8,Net Banking,South
ORD100286,15-11-2023,EL3222,Mobile,2,41509,0,83018,EMI,West
ORD100287,28-10-2023,EL4723,Smartwatch,2,47534,15,80807.8,Net Banking,East
ORD100288,18-09-2023,EL5969,Mobile,4,107302,10,386287.2,UPI,East
ORD100289,03-07-2023,EL9143,Speaker,1,97241,20,77792.8,Net Banking,West
ORD100290,25-07-2023,EL2481,Mobile,1,23787,15,20218.95,UPI,East
ORD100291,04-05-2023,EL4587,Tablet,1,53845,20,43076,Credit Card,Central
ORD100292,29-07-2023,EL5465,Mobile,4,62932,5,239141.6,Net Banking,North
ORD100293,11-02-2023,EL6658,Laptop,1,97124,25,72843,EMI,North
ORD100294,03-01-2023,EL2301,Laptop,4,96659,15,328640.6,UPI,North
ORD100295,12-12-2023,EL4088,Headphones,2,38062,5,72317.8,EMI,East
ORD100296,17-09-2023,EL3788,Camera,3,80713,15,205818.15,Debit Card,East
ORD100297,02-05-2023,EL7948,TV,1,92263,15,78423.55,UPI,South
ORD100298,30-04-2023,EL4323,Smartwatch,1,100756,5,95718.2,Net Banking,South
ORD100299,10-04-2023,EL5553,Speaker,2,65461,10,117829.8,UPI,North
ORD100300,16-05-2023,EL2117,Mobile,3,80418,0,241254,EMI,Central
ORD100301,25-01-2023,EL4874,Mobile,4,71672,20,229350.4,Credit Card,South
ORD100302,28-01-2023,EL1803,Tablet,3,39832,15,101571.6,UPI,South
ORD100303,11-01-2023,EL1858,Camera,2,36966,20,59145.6,Net Banking,East
ORD100304,05-09-2023,EL5479,Laptop,2,77545,25,116317.5,Debit Card,Central
ORD100305,26-05-2023,EL1818,Smartwatch,3,17987,5,51262.95,Credit Card,North
ORD100306,31-05-2023,EL7728,Headphones,4,42311,20,135395.2,Debit Card,South
ORD100307,26-06-2023,EL3851,Laptop,4,36575,5,138985,UPI,Central
ORD100308,11-09-2023,EL2515,Speaker,1,68852,20,55081.6,EMI,Central
ORD100309,01-02-2023,EL4827,Camera,4,6007,0,24028,EMI,North
ORD100310,05-09-2023,EL6698,Speaker,3,75981,0,227943,Net Banking,Central
ORD100311,14-10-2023,EL1803,TV,2,81242,0,162484,EMI,Central
ORD100312,15-02-2023,EL8288,Headphones,1,52517,0,52517,Credit Card,Central
ORD100313,30-11-2023,EL7072,TV,1,115022,0,115022,EMI,South
ORD100314,17-07-2023,EL1618,Tablet,2,34257,0,68514,Net Banking,North
ORD100315,22-05-2023,EL7726,Speaker,4,92272,5,350633.6,UPI,Central
ORD100316,19-08-2023,EL5936,Tablet,2,47207,15,80251.9,UPI,Central
ORD100317,21-10-2023,EL2994,Mobile,4,18281,20,58499.2,EMI,South
ORD100318,12-08-2023,EL5391,TV,2,66246,0,132492,Debit Card,North
ORD100319,11-06-2023,EL9956,Camera,3,6435,5,18339.75,UPI,East
ORD100320,08-09-2023,EL3159,Speaker,4,103875,5,394725,EMI,South
ORD100321,09-05-2023,EL2686,Smartwatch,3,105686,5,301205.1,Net Banking,North
ORD100322,25-12-2023,EL9939,Headphones,1,96357,15,81903.45,EMI,Central
ORD100323,01-01-2023,EL3499,Laptop,2,31660,20,50656,UPI,North
ORD100324,17-05-2023,EL3874,Camera,1,10084,15,8571.4,Net Banking,North
ORD100325,27-07-2023,EL6449,Camera,1,87197,10,78477.3,EMI,North
ORD100326,19-06-2023,EL7820,Tablet,1,18507,5,17581.65,Credit Card,East
ORD100327,21-08-2023,EL1066,TV,1,77595,10,69835.5,Net Banking,North
ORD100328,21-01-2023,EL9908,Speaker,2,88807,25,133210.5,Credit Card,East
ORD100329,06-04-2023,EL8972,Speaker,1,50539,0,50539,Debit Card,Central
ORD100330,27-08-2023,EL5908,Mobile,2,12491,0,24982,Net Banking,East
ORD100331,02-11-2023,EL6419,Mobile,2,117831,15,200312.7,Credit Card,Central
ORD100332,17-04-2023,EL9568,Headphones,3,55192,20,132460.8,UPI,Central
ORD100333,22-04-2023,EL1065,Tablet,4,85395,10,307422,UPI,East
ORD100334,03-06-2023,EL3890,Camera,4,68888,20,220441.6,Debit Card,South
ORD100335,27-11-2023,EL4999,Speaker,2,78609,15,133635.3,Net Banking,West
ORD100336,06-04-2023,EL1316,Smartwatch,3,14077,0,42231,Net Banking,North
ORD100337,09-08-2023,EL4758,Tablet,2,25953,20,41524.8,Net Banking,West
ORD100338,09-07-2023,EL6305,Headphones,2,81919,20,131070.4,Debit Card,North
ORD100339,23-01-2023,EL4157,Headphones,2,119682,0,239364,Net Banking,North
ORD100340,14-12-2023,EL2817,Tablet,3,72889,10,196800.3,UPI,Central
ORD100341,02-01-2023,EL2275,Headphones,4,28821,0,115284,Credit Card,North
ORD100342,09-12-2023,EL6511,Tablet,3,42567,20,102160.8,UPI,North
ORD100343,19-11-2023,EL5535,Laptop,1,29860,10,26874,UPI,East
ORD100344,20-11-2023,EL4663,Tablet,3,26195,10,70726.5,Credit Card,West
ORD100345,26-01-2023,EL4211,TV,3,82475,0,247425,UPI,East
ORD100346,25-05-2023,EL4701,Tablet,3,95874,20,230097.6,Debit Card,North
ORD100347,19-03-2023,EL2545,Headphones,3,92266,15,235278.3,Credit Card,Central
ORD100348,24-07-2023,EL2680,Speaker,4,26427,20,84566.4,UPI,East
ORD100349,05-05-2023,EL8123,TV,1,105732,5,100445.4,EMI,East
ORD100350,18-10-2023,EL4506,Headphones,4,32083,25,96249,UPI,South
ORD100351,25-09-2023,EL2676,Mobile,4,92046,15,312956.4,Debit Card,North
ORD100352,29-06-2023,EL9039,Mobile,3,62372,10,168404.4,Net Banking,Central
ORD100353,20-05-2023,EL1296,Speaker,2,49064,15,83408.8,UPI,East
ORD100354,10-12-2023,EL1888,Speaker,2,12813,10,23063.4,Net Banking,East
ORD100355,08-08-2023,EL1455,TV,4,36598,10,131752.8,EMI,Central
ORD100356,25-03-2023,EL5172,Laptop,4,117718,15,400241.2,UPI,North
ORD100357,03-02-2023,EL8997,Speaker,3,98106,10,264886.2,Credit Card,South
ORD100358,24-05-2023,EL7901,Mobile,4,32082,10,115495.2,Net Banking,East
ORD100359,07-11-2023,EL2113,Tablet,3,34241,5,97586.85,EMI,South
ORD100360,24-04-2023,EL1669,Headphones,2,101214,20,161942.4,Credit Card,West
ORD100361,06-11-2023,EL5103,Mobile,2,49569,20,79310.4,Credit Card,North
ORD100362,15-02-2023,EL4163,Mobile,1,16745,25,12558.75,Credit Card,West
ORD100363,27-06-2023,EL7530,Laptop,2,31029,25,46543.5,Credit Card,West
ORD100364,31-01-2023,EL9012,TV,4,18025,5,68495,UPI,West
ORD100365,25-08-2023,EL6993,TV,2,106660,25,159990,UPI,North
ORD100366,06-07-2023,EL9440,Camera,3,19288,15,49184.4,UPI,North
ORD100367,11-10-2023,EL9085,Laptop,2,94186,0,188372,EMI,Central
ORD100368,10-04-2023,EL5715,Tablet,1,11540,0,11540,EMI,South
ORD100369,08-07-2023,EL7845,TV,2,102768,0,205536,EMI,South
ORD100370,14-08-2023,EL2881,Headphones,3,86958,5,247830.3,Debit Card,Central
ORD100371,06-04-2023,EL1725,Speaker,3,73878,5,210552.3,EMI,Central
ORD100372,23-06-2023,EL6249,Laptop,4,46846,10,168645.6,UPI,West
ORD100373,02-07-2023,EL4698,Speaker,2,106148,0,212296,UPI,Central
ORD100374,02-07-2023,EL4664,Mobile,3,80932,15,206376.6,Debit Card,East
ORD100375,12-06-2023,EL9680,Headphones,1,22482,25,16861.5,Debit Card,South
ORD100376,04-08-2023,EL6777,Headphones,4,28411,15,96597.4,EMI,Central
ORD100377,22-06-2023,EL8976,Mobile,1,55975,25,41981.25,Net Banking,East
ORD100378,21-04-2023,EL8719,Laptop,2,65545,0,131090,Debit Card,East
ORD100379,11-02-2023,EL7600,Mobile,2,117302,0,234604,Credit Card,East
ORD100380,01-11-2023,EL1072,Speaker,2,83797,0,167594,UPI,East
ORD100381,12-06-2023,EL9240,Camera,4,57307,5,217766.6,Credit Card,West
ORD100382,24-06-2023,EL6511,Headphones,3,8093,25,18209.25,UPI,East
ORD100383,21-07-2023,EL3678,Smartwatch,4,82258,5,312580.4,UPI,West
ORD100384,24-09-2023,EL5428,Smartwatch,1,27042,5,25689.9,Debit Card,West
ORD100385,18-06-2023,EL9514,Speaker,4,57930,20,185376,Debit Card,East
ORD100386,27-11-2023,EL2558,Tablet,1,49413,15,42001.05,Credit Card,South
ORD100387,05-08-2023,EL6818,TV,4,118387,15,402515.8,UPI,East
ORD100388,13-09-2023,EL3977,Mobile,3,98623,10,266282.1,Credit Card,East
ORD100389,07-05-2023,EL7421,Mobile,1,102883,5,97738.85,Net Banking,East
ORD100390,31-10-2023,EL9549,Tablet,2,38756,25,58134,Credit Card,South
ORD100391,29-12-2023,EL4113,Tablet,2,58268,20,93228.8,EMI,North
ORD100392,08-01-2023,EL7255,Speaker,4,44214,20,141484.8,Credit Card,North
ORD100393,28-04-2023,EL1599,Speaker,2,86871,15,147680.7,EMI,West
ORD100394,02-03-2023,EL7166,Tablet,1,33602,5,31921.9,EMI,West
ORD100395,17-04-2023,EL9325,Headphones,2,58331,10,104995.8,EMI,South
ORD100396,28-10-2023,EL6983,Speaker,3,53901,5,153617.85,Net Banking,Central
ORD100397,19-01-2023,EL6547,Camera,3,104986,0,314958,Credit Card,North
ORD100398,30-05-2023,EL9705,Speaker,4,68416,5,259980.8,Credit Card,West
ORD100399,02-12-2023,EL6393,Mobile,1,37196,0,37196,Net Banking,North
ORD100400,20-11-2023,EL1379,Speaker,3,10626,0,31878,UPI,South
ORD100401,20-01-2023,EL9290,Headphones,3,12424,10,33544.8,Debit Card,South
ORD100402,11-11-2023,EL4299,Tablet,1,17857,25,13392.75,Credit Card,Central
ORD100403,06-08-2023,EL5169,Mobile,2,115459,15,196280.3,Debit Card,Central
ORD100404,07-01-2023,EL8735,Speaker,2,24982,5,47465.8,Net Banking,South
ORD100405,24-09-2023,EL2414,Headphones,4,81961,0,327844,UPI,West
ORD100406,08-08-2023,EL9983,Camera,2,6980,5,13262,UPI,North
ORD100407,16-10-2023,EL6425,Speaker,1,53290,25,39967.5,UPI,East
ORD100408,06-05-2023,EL4712,Headphones,3,31431,15,80149.05,Net Banking,Central
ORD100409,18-04-2023,EL9166,Camera,2,89976,25,134964,EMI,East
ORD100410,08-01-2023,EL5093,Tablet,4,112288,15,381779.2,EMI,West
ORD100411,04-07-2023,EL9064,Speaker,2,87711,20,140337.6,Debit Card,Central
ORD100412,13-12-2023,EL3907,Camera,1,119187,15,101308.95,EMI,East
ORD100413,26-07-2023,EL7498,Mobile,4,31385,10,112986,EMI,West
ORD100414,10-11-2023,EL9919,Tablet,2,43158,25,64737,UPI,North
ORD100415,21-08-2023,EL1163,Mobile,4,28019,0,112076,UPI,West
ORD100416,30-01-2023,EL9876,Smartwatch,1,23639,20,18911.2,Debit Card,Central
ORD100417,17-04-2023,EL5564,Laptop,3,90530,10,244431,Credit Card,South
ORD100418,20-01-2023,EL9035,Speaker,1,104911,5,99665.45,Debit Card,North
ORD100419,02-06-2023,EL3876,Camera,1,26563,25,19922.25,Debit Card,East
ORD100420,12-09-2023,EL3268,Laptop,1,44341,0,44341,Net Banking,Central
ORD100421,01-09-2023,EL7581,Laptop,1,10776,15,9159.6,Net Banking,South
ORD100422,14-09-2023,EL7996,Camera,3,41444,0,124332,Debit Card,West
ORD100423,26-07-2023,EL6378,Tablet,3,73916,5,210660.6,Debit Card,South
ORD100424,03-06-2023,EL9261,Speaker,4,13711,20,43875.2,Debit Card,Central
ORD100425,17-10-2023,EL7514,Smartwatch,2,79318,20,126908.8,EMI,Central
ORD100426,30-05-2023,EL9624,Mobile,3,87970,25,197932.5,Net Banking,South
ORD100427,20-06-2023,EL6864,Headphones,3,117301,20,281522.4,Debit Card,West
ORD100428,07-11-2023,EL1446,Mobile,2,90553,25,135829.5,UPI,South
ORD100429,03-09-2023,EL7942,Headphones,3,35707,25,80340.75,UPI,Central
ORD100430,29-12-2023,EL5545,Mobile,1,44110,25,33082.5,EMI,Central
ORD100431,15-06-2023,EL8932,Camera,1,66788,15,56769.8,EMI,East
ORD100432,10-02-2023,EL9995,Smartwatch,2,87879,10,158182.2,Credit Card,East
ORD100433,21-05-2023,EL1228,Speaker,4,43827,25,131481,Credit Card,North
ORD100434,12-10-2023,EL2929,Headphones,4,112188,25,336564,Credit Card,Central
ORD100435,16-10-2023,EL9801,Speaker,2,10655,10,19179,EMI,East
ORD100436,11-04-2023,EL7471,Speaker,2,49859,0,99718,EMI,South
ORD100437,30-09-2023,EL5409,Speaker,1,58625,25,43968.75,EMI,West
ORD100438,25-08-2023,EL6252,TV,4,57098,15,194133.2,UPI,South
ORD100439,29-10-2023,EL9067,Tablet,3,20251,20,48602.4,EMI,West
ORD100440,21-02-2023,EL9751,Mobile,1,5526,20,4420.8,UPI,East
ORD100441,10-04-2023,EL1843,Speaker,2,73760,5,140144,Credit Card,North
ORD100442,29-12-2023,EL1122,Mobile,4,52837,5,200780.6,Credit Card,South
ORD100443,24-10-2023,EL4238,Speaker,3,16536,20,39686.4,Credit Card,South
ORD100444,15-02-2023,EL4205,Headphones,3,33541,20,80498.4,Debit Card,South
ORD100445,02-01-2023,EL6404,Tablet,1,84083,15,71470.55,Debit Card,West
ORD100446,14-02-2023,EL3670,Tablet,4,56027,10,201697.2,Net Banking,East
ORD100447,07-11-2023,EL2214,Camera,4,39531,5,150217.8,Net Banking,South
ORD100448,06-05-2023,EL9571,TV,2,13712,10,24681.6,Net Banking,South
ORD100449,09-06-2023,EL8259,Camera,4,109101,15,370943.4,Debit Card,North
ORD100450,01-06-2023,EL4194,Camera,4,70455,20,225456,Debit Card,North
ORD100451,05-10-2023,EL3404,Camera,1,79744,25,59808,Net Banking,East
ORD100452,02-04-2023,EL3161,Camera,4,10109,10,36392.4,Net Banking,East
ORD100453,18-07-2023,EL9758,Camera,3,54268,20,130243.2,EMI,Central
ORD100454,04-02-2023,EL5440,Smartwatch,1,105737,20,84589.6,Net Banking,North
ORD100455,08-07-2023,EL8090,Tablet,1,59615,0,59615,EMI,Central
ORD100456,11-12-2023,EL2898,Camera,2,87503,10,157505.4,UPI,West
ORD100457,12-06-2023,EL2624,Speaker,4,34759,25,104277,Debit Card,Central
ORD100458,18-09-2023,EL3107,Tablet,2,90708,10,163274.4,Net Banking,South
ORD100459,28-08-2023,EL2668,Tablet,3,65112,20,156268.8,Debit Card,Central
ORD100460,29-12-2023,EL3823,Laptop,1,107471,25,80603.25,Debit Card,East
ORD100461,03-08-2023,EL1212,Smartwatch,1,31589,15,26850.65,Debit Card,West
ORD100462,21-06-2023,EL9751,Camera,1,35015,0,35015,UPI,South
ORD100463,15-06-2023,EL9923,Mobile,3,34009,20,81621.6,Credit Card,Central
ORD100464,26-05-2023,EL6692,Headphones,3,88309,5,251680.65,Net Banking,West
ORD100465,29-11-2023,EL5462,TV,2,67046,5,127387.4,Credit Card,West
ORD100466,26-12-2023,EL6886,Speaker,2,111661,0,223322,Credit Card,South
ORD100467,12-05-2023,EL6706,Mobile,2,31143,15,52943.1,Credit Card,Central
ORD100468,11-05-2023,EL3492,Smartwatch,4,11154,20,35692.8,Debit Card,West
ORD100469,11-10-2023,EL4031,Headphones,1,26804,10,24123.6,EMI,West
ORD100470,03-06-2023,EL8353,Smartwatch,1,46688,0,46688,Debit Card,North
ORD100471,21-01-2023,EL2507,Speaker,2,69288,15,117789.6,Debit Card,West
ORD100472,01-09-2023,EL5039,Tablet,1,56195,10,50575.5,Credit Card,North
ORD100473,26-11-2023,EL2949,Headphones,2,25581,5,48603.9,Debit Card,Central
ORD100474,11-04-2023,EL1019,Tablet,4,57648,5,219062.4,Credit Card,Central
ORD100475,17-01-2023,EL6724,Speaker,4,35087,10,126313.2,EMI,Central
ORD100476,09-05-2023,EL6503,Mobile,3,54930,0,164790,Net Banking,East
ORD100477,26-06-2023,EL2853,Speaker,4,37981,5,144327.8,Credit Card,Central
ORD100478,06-09-2023,EL8241,Mobile,2,74298,20,118876.8,EMI,West
ORD100479,21-01-2023,EL7812,Headphones,4,51167,25,153501,Net Banking,South
ORD100480,03-12-2023,EL4502,Headphones,3,80304,10,216820.8,UPI,North
ORD100481,03-04-2023,EL2456,Camera,1,48408,10,43567.2,Credit Card,East
ORD100482,11-07-2023,EL4525,Smartwatch,2,44499,5,84548.1,Credit Card,Central
ORD100483,01-07-2023,EL4434,Camera,1,57269,0,57269,UPI,Central
ORD100484,15-03-2023,EL3438,Smartwatch,3,43559,20,104541.6,UPI,South
ORD100485,12-02-2023,EL4368,Camera,3,119126,0,357378,Credit Card,South
ORD100486,19-01-2023,EL5422,Tablet,3,79319,15,202263.45,UPI,East
ORD100487,11-02-2023,EL5871,Headphones,1,116925,15,99386.25,Debit Card,North
ORD100488,03-10-2023,EL6522,Mobile,1,100317,25,75237.75,Net Banking,Central
ORD100489,08-04-2023,EL5188,Smartwatch,1,101347,5,96279.65,Net Banking,East
ORD100490,27-05-2023,EL3836,Speaker,1,53787,5,51097.65,Net Banking,West
ORD100491,11-03-2023,EL2987,Smartwatch,3,40488,5,115390.8,Debit Card,West
ORD100492,09-03-2023,EL5585,Mobile,3,79441,25,178742.25,UPI,East
ORD100493,19-02-2023,EL6952,Camera,2,79663,15,135427.1,EMI,Central
ORD100494,06-01-2023,EL5864,Smartwatch,2,27431,0,54862,UPI,East
ORD100495,20-11-2023,EL4547,TV,1,66681,25,50010.75,Credit Card,Central
ORD100496,28-06-2023,EL4566,Tablet,4,68483,25,205449,Net Banking,South
ORD100497,09-09-2023,EL7552,Headphones,4,54153,0,216612,UPI,East
ORD100498,26-06-2023,EL3103,Mobile,3,11368,5,32398.8,EMI,Central
ORD100499,11-03-2023,EL1515,Headphones,3,32424,20,77817.6,Credit Card,East
ORD100500,01-08-2023,EL7838,TV,3,117360,0,352080,Debit Card,East
ORD100501,17-11-2023,EL2441,Smartwatch,2,50004,15,85006.8,Debit Card,Central
ORD100502,01-03-2023,EL5147,Smartwatch,2,88869,10,159964.2,EMI,Central
ORD100503,23-01-2023,EL4572,Speaker,3,93652,10,252860.4,Credit Card,North
ORD100504,25-01-2023,EL9697,TV,3,117755,25,264948.75,Net Banking,East
ORD100505,12-03-2023,EL9857,Mobile,3,61985,10,167359.5,UPI,West
ORD100506,21-06-2023,EL9977,Speaker,4,55069,20,176220.8,Credit Card,East
ORD100507,08-05-2023,EL5476,Tablet,2,57326,5,108919.4,Debit Card,East
ORD100508,25-05-2023,EL9642,Speaker,4,113737,15,386705.8,EMI,Central
ORD100509,11-07-2023,EL2054,Laptop,4,86061,20,275395.2,EMI,East
ORD100510,19-08-2023,EL7674,Mobile,3,28398,15,72414.9,UPI,East
ORD100511,29-10-2023,EL2486,Laptop,3,103393,15,263652.15,EMI,West
ORD100512,21-11-2023,EL1300,TV,1,55861,5,53067.95,EMI,Central
ORD100513,28-09-2023,EL9965,Camera,1,80897,25,60672.75,Credit Card,East
ORD100514,10-07-2023,EL3630,Laptop,4,86905,10,312858,Net Banking,South
ORD100515,17-05-2023,EL9362,Tablet,2,73577,5,139796.3,UPI,North
ORD100516,07-10-2023,EL2813,Speaker,3,70641,20,169538.4,Credit Card,West
ORD100517,28-10-2023,EL1778,Camera,3,14078,25,31675.5,Net Banking,East
ORD100518,04-05-2023,EL2225,Speaker,4,30003,20,96009.6,Credit Card,South
ORD100519,12-06-2023,EL7172,Laptop,1,67768,25,50826,Credit Card,East
ORD100520,22-03-2023,EL6607,Speaker,2,56047,20,89675.2,EMI,East
ORD100521,28-12-2023,EL4007,TV,1,76626,5,72794.7,Net Banking,Central
ORD100522,04-04-2023,EL7722,Camera,1,62660,25,46995,UPI,Central
ORD100523,11-04-2023,EL2230,TV,1,109386,25,82039.5,UPI,Central
ORD100524,11-05-2023,EL3180,Laptop,1,54786,15,46568.1,Net Banking,South
ORD100525,07-06-2023,EL4552,TV,3,6925,15,17658.75,EMI,East
ORD100526,08-02-2023,EL1647,Tablet,3,88976,0,266928,Debit Card,North
ORD100527,15-11-2023,EL8335,Laptop,1,110221,20,88176.8,Credit Card,West
ORD100528,15-08-2023,EL1337,Laptop,2,31015,15,52725.5,EMI,Central
ORD100529,21-07-2023,EL6057,Laptop,4,38320,0,153280,Net Banking,Central
ORD100530,12-12-2023,EL6461,Mobile,2,69881,15,118797.7,Credit Card,East
ORD100531,06-08-2023,EL2728,Speaker,2,95827,20,153323.2,UPI,East
ORD100532,07-06-2023,EL5682,Mobile,2,107215,25,160822.5,Debit Card,South
ORD100533,10-02-2023,EL5589,Mobile,1,31289,10,28160.1,UPI,South
ORD100534,28-08-2023,EL7607,Tablet,3,8389,20,20133.6,Net Banking,Central
ORD100535,09-06-2023,EL6104,Camera,2,30683,5,58297.7,Credit Card,East
ORD100536,02-12-2023,EL5224,Speaker,1,18629,15,15834.65,Net Banking,North
ORD100537,20-07-2023,EL6582,TV,2,66550,15,113135,Credit Card,West
ORD100538,11-12-2023,EL3333,Smartwatch,2,29826,25,44739,EMI,East
ORD100539,14-10-2023,EL7143,Laptop,1,105734,5,100447.3,Debit Card,East
ORD100540,30-05-2023,EL9502,TV,3,31630,25,71167.5,EMI,South
ORD100541,02-10-2023,EL2820,Laptop,3,103762,5,295721.7,EMI,West
ORD100542,01-04-2023,EL1429,Tablet,4,51163,10,184186.8,Net Banking,Central
ORD100543,14-09-2023,EL8900,Laptop,1,103511,15,87984.35,Debit Card,East
ORD100544,28-12-2023,EL6800,Mobile,4,71435,15,242879,Credit Card,Central
ORD100545,20-08-2023,EL9077,Speaker,4,16653,10,59950.8,Credit Card,East
ORD100546,08-11-2023,EL7005,Smartwatch,4,32961,0,131844,UPI,Central
ORD100547,08-03-2023,EL8674,Headphones,3,86941,25,195617.25,Credit Card,West
ORD100548,23-05-2023,EL5492,Laptop,1,79137,10,71223.3,Net Banking,South
ORD100549,28-05-2023,EL9204,TV,4,38662,25,115986,EMI,West
ORD100550,03-10-2023,EL6866,Mobile,1,103818,20,83054.4,EMI,North
ORD100551,15-11-2023,EL8449,Headphones,1,61446,15,52229.1,EMI,South
ORD100552,25-06-2023,EL4252,Smartwatch,3,26288,25,59148,Debit Card,West
ORD100553,23-06-2023,EL5000,Headphones,4,100081,5,380307.8,Credit Card,North
ORD100554,10-05-2023,EL5832,Mobile,4,41877,25,125631,Net Banking,East
ORD100555,15-11-2023,EL4454,Speaker,1,116562,20,93249.6,Debit Card,East
ORD100556,20-12-2023,EL3323,Speaker,2,20313,15,34532.1,UPI,Central
ORD100557,04-03-2023,EL3353,Camera,3,85885,10,231889.5,Net Banking,South
ORD100558,07-01-2023,EL4555,Speaker,3,77715,20,186516,Net Banking,East
ORD100559,16-08-2023,EL5950,Camera,3,15326,15,39081.3,Net Banking,South
ORD100560,24-01-2023,EL7805,Headphones,3,115091,25,258954.75,EMI,East
ORD100561,01-06-2023,EL2306,Tablet,4,6560,0,26240,Net Banking,Central
ORD100562,25-06-2023,EL9184,TV,4,84148,0,336592,Credit Card,West
ORD100563,22-05-2023,EL7452,TV,2,88186,5,167553.4,Net Banking,Central
ORD100564,02-01-2023,EL8808,Headphones,3,31745,15,80949.75,EMI,North
ORD100565,02-11-2023,EL1765,Laptop,3,36890,0,110670,Net Banking,East
ORD100566,23-04-2023,EL9577,Laptop,1,25022,10,22519.8,UPI,North
ORD100567,06-11-2023,EL2436,Speaker,4,57579,15,195768.6,UPI,North
ORD100568,28-02-2023,EL1431,TV,3,75316,10,203353.2,EMI,South
ORD100569,17-05-2023,EL4374,TV,2,88847,10,159924.6,Credit Card,East
ORD100570,04-06-2023,EL4981,Camera,2,33380,0,66760,Credit Card,North
ORD100571,11-01-2023,EL1943,Tablet,4,115198,15,391673.2,Debit Card,West
ORD100572,27-08-2023,EL4077,Mobile,2,7356,25,11034,EMI,North
ORD100573,07-05-2023,EL2030,Laptop,2,75326,20,120521.6,Net Banking,West
ORD100574,02-06-2023,EL5934,TV,4,97447,0,389788,EMI,South
ORD100575,26-05-2023,EL1640,Camera,3,119994,0,359982,Debit Card,North
ORD100576,01-11-2023,EL4727,Smartwatch,3,94899,25,213522.75,EMI,Central
ORD100577,05-03-2023,EL9128,Camera,2,25049,15,42583.3,EMI,South
ORD100578,20-09-2023,EL3347,Laptop,2,80717,15,137218.9,Debit Card,West
ORD100579,08-11-2023,EL2833,Laptop,3,110361,10,297974.7,Credit Card,South
ORD100580,18-12-2023,EL6326,Camera,4,21082,25,63246,Net Banking,North
ORD100581,30-12-2023,EL5542,Mobile,2,5661,25,8491.5,Debit Card,East
ORD100582,20-07-2023,EL2428,Headphones,1,42412,15,36050.2,UPI,East
ORD100583,16-03-2023,EL5674,Laptop,4,119015,10,428454,Credit Card,West
ORD100584,22-05-2023,EL3260,Camera,2,7920,0,15840,UPI,West
ORD100585,20-08-2023,EL2445,TV,2,96194,5,182768.6,Credit Card,East
ORD100586,22-01-2023,EL2617,Camera,1,119306,20,95444.8,Net Banking,West
ORD100587,20-01-2023,EL8259,Tablet,1,65315,0,65315,Net Banking,South
ORD100588,06-10-2023,EL9031,Headphones,3,84561,15,215630.55,EMI,Central
ORD100589,25-03-2023,EL3951,Smartwatch,4,13946,20,44627.2,UPI,Central
ORD100590,20-06-2023,EL8723,Mobile,4,99242,5,377119.6,Credit Card,South
ORD100591,06-05-2023,EL3019,Speaker,3,50500,5,143925,Net Banking,Central
ORD100592,29-05-2023,EL7834,Smartwatch,4,109540,10,394344,Debit Card,North
ORD100593,31-03-2023,EL3860,Headphones,4,21309,20,68188.8,Net Banking,South
ORD100594,02-06-2023,EL9345,Headphones,4,60230,10,216828,Debit Card,West
ORD100595,09-04-2023,EL4715,Headphones,4,116822,0,467288,Credit Card,South
ORD100596,02-05-2023,EL1203,Smartwatch,4,103656,25,310968,Net Banking,East
ORD100597,13-10-2023,EL4701,TV,1,35027,25,26270.25,Net Banking,West
ORD100598,28-02-2023,EL8021,Headphones,4,77541,25,232623,Credit Card,East
ORD100599,21-11-2023,EL7377,Camera,1,117340,20,93872,Net Banking,West
ORD100600,17-01-2023,EL3992,Smartwatch,4,119846,25,359538,Debit Card,Central
ORD100601,07-06-2023,EL3692,Speaker,3,64321,0,192963,Net Banking,South
ORD100602,30-01-2023,EL4487,Headphones,2,5956,10,10720.8,UPI,North
ORD100603,31-10-2023,EL9543,Camera,1,105375,20,84300,EMI,West
ORD100604,22-05-2023,EL4309,TV,4,79131,10,284871.6,Debit Card,West
ORD100605,11-06-2023,EL5216,Tablet,3,52908,20,126979.2,UPI,East
ORD100606,24-02-2023,EL1353,TV,2,83339,10,150010.2,Credit Card,Central
ORD100607,26-08-2023,EL3908,Speaker,1,30963,5,29414.85,Debit Card,East
ORD100608,15-04-2023,EL8945,Headphones,2,106757,10,192162.6,EMI,East
ORD100609,01-06-2023,EL2130,Speaker,3,44443,25,99996.75,EMI,Central
ORD100610,20-10-2023,EL9090,Smartwatch,1,104259,5,99046.05,Credit Card,North
ORD100611,22-07-2023,EL3657,Laptop,2,44063,10,79313.4,Credit Card,East
ORD100612,21-03-2023,EL3496,Headphones,4,119225,20,381520,Debit Card,East
ORD100613,16-05-2023,EL4851,Laptop,1,85818,20,68654.4,Net Banking,West
ORD100614,09-07-2023,EL9376,Camera,2,9703,20,15524.8,Credit Card,Central
ORD100615,19-06-2023,EL3408,Tablet,3,70128,15,178826.4,Net Banking,South
ORD100616,29-08-2023,EL3994,Mobile,3,77099,0,231297,UPI,North
ORD100617,07-12-2023,EL9072,Speaker,1,30849,20,24679.2,EMI,North
ORD100618,26-10-2023,EL4919,TV,2,36860,5,70034,Net Banking,Central
ORD100619,25-11-2023,EL2334,Tablet,1,36585,20,29268,EMI,West
ORD100620,08-10-2023,EL5730,Headphones,1,27015,15,22962.75,Net Banking,West
ORD100621,14-01-2023,EL7218,Laptop,2,82539,25,123808.5,UPI,Central
ORD100622,04-11-2023,EL2342,TV,2,48585,5,92311.5,Credit Card,West
ORD100623,21-04-2023,EL2425,Laptop,4,31958,15,108657.2,UPI,North
ORD100624,31-03-2023,EL8408,Smartwatch,2,31017,25,46525.5,Credit Card,North
ORD100625,13-07-2023,EL8965,Laptop,3,81707,5,232864.95,Credit Card,South
ORD100626,15-04-2023,EL9301,Smartwatch,1,50350,10,45315,EMI,Central
ORD100627,10-12-2023,EL2413,Camera,1,17201,0,17201,UPI,East
ORD100628,15-03-2023,EL1645,TV,3,34426,0,103278,Net Banking,East
ORD100629,22-09-2023,EL3798,TV,2,22778,15,38722.6,UPI,South
ORD100630,02-09-2023,EL7360,Mobile,3,50241,25,113042.25,EMI,South
ORD100631,08-03-2023,EL8252,Headphones,3,47229,0,141687,Credit Card,West
ORD100632,19-07-2023,EL2082,Smartwatch,4,91652,25,274956,EMI,South
ORD100633,24-01-2023,EL7449,Mobile,3,53364,25,120069,Debit Card,South
ORD100634,23-06-2023,EL2071,Laptop,1,103833,15,88258.05,Debit Card,East
ORD100635,29-12-2023,EL8291,Laptop,3,89878,15,229188.9,Net Banking,West
ORD100636,24-11-2023,EL3651,Mobile,1,62056,15,52747.6,EMI,South
ORD100637,31-01-2023,EL6313,TV,1,32490,0,32490,Net Banking,South
ORD100638,20-06-2023,EL8898,Laptop,1,24975,15,21228.75,Net Banking,West
ORD100639,29-07-2023,EL5247,Speaker,2,31723,0,63446,Debit Card,Central
ORD100640,17-02-2023,EL1894,Camera,4,28279,15,96148.6,Net Banking,West
ORD100641,30-03-2023,EL2971,Camera,1,83301,20,66640.8,Debit Card,East
ORD100642,25-05-2023,EL6591,Speaker,1,117214,25,87910.5,Credit Card,Central
ORD100643,31-08-2023,EL4687,Mobile,2,16561,15,28153.7,EMI,North
ORD100644,11-09-2023,EL8977,Speaker,1,112435,5,106813.25,Net Banking,West
ORD100645,16-12-2023,EL9011,Smartwatch,3,71061,25,159887.25,Debit Card,East
ORD100646,21-01-2023,EL7733,Smartwatch,3,93397,25,210143.25,UPI,Central
ORD100647,24-07-2023,EL4986,Mobile,4,54153,15,184120.2,Net Banking,West
ORD100648,20-12-2023,EL8005,Speaker,1,38142,10,34327.8,Credit Card,South
ORD100649,04-12-2023,EL2180,Smartwatch,2,31916,15,54257.2,Credit Card,West
ORD100650,18-12-2023,EL2229,TV,3,69324,25,155979,UPI,North
ORD100651,23-07-2023,EL3020,Speaker,2,49965,5,94933.5,Debit Card,West
ORD100652,16-04-2023,EL8128,TV,2,9648,25,14472,Net Banking,Central
ORD100653,12-04-2023,EL4877,Smartwatch,3,40133,5,114379.05,Debit Card,Central
ORD100654,13-05-2023,EL2091,Camera,2,55677,0,111354,Credit Card,West
ORD100655,11-05-2023,EL2116,Smartwatch,3,101059,20,242541.6,Debit Card,Central
ORD100656,12-03-2023,EL5578,TV,2,99588,25,149382,Credit Card,South
ORD100657,18-06-2023,EL8507,Tablet,3,104950,15,267622.5,Debit Card,West
ORD100658,22-06-2023,EL1328,Headphones,1,103317,0,103317,UPI,South
ORD100659,08-02-2023,EL1026,Laptop,4,75135,20,240432,EMI,South
ORD100660,09-01-2023,EL3456,Speaker,3,40046,15,102117.3,UPI,East
ORD100661,30-10-2023,EL6988,Tablet,3,52064,10,140572.8,UPI,West
ORD100662,06-11-2023,EL2295,Smartwatch,4,106459,15,361960.6,EMI,Central
ORD100663,30-06-2023,EL9474,Camera,3,111625,5,318131.25,EMI,South
ORD100664,10-03-2023,EL7899,Mobile,3,74350,5,211897.5,Net Banking,East
ORD100665,26-12-2023,EL5653,Smartwatch,2,50893,10,91607.4,Net Banking,West
ORD100666,13-10-2023,EL4643,Camera,4,106520,0,426080,UPI,West
ORD100667,31-01-2023,EL4004,Headphones,1,66272,20,53017.6,UPI,North
ORD100668,19-08-2023,EL2040,Smartwatch,3,97152,15,247737.6,Credit Card,North
ORD100669,20-06-2023,EL5394,TV,4,72649,5,276066.2,Credit Card,South
ORD100670,19-03-2023,EL4225,Mobile,2,69674,0,139348,Net Banking,North
ORD100671,21-08-2023,EL5836,Camera,1,113542,10,102187.8,Net Banking,South
ORD100672,25-05-2023,EL2052,Camera,4,18760,25,56280,Credit Card,Central
ORD100673,25-03-2023,EL3014,Camera,1,26927,5,25580.65,Credit Card,South
ORD100674,17-03-2023,EL4933,Headphones,1,91475,10,82327.5,Debit Card,North
ORD100675,20-01-2023,EL9739,Smartwatch,1,66367,15,56411.95,Debit Card,Central
ORD100676,02-11-2023,EL7777,Headphones,3,102955,20,247092,Credit Card,North
ORD100677,13-04-2023,EL3676,Speaker,3,17588,5,50125.8,Debit Card,South
ORD100678,12-01-2023,EL2048,Laptop,2,106678,5,202688.2,EMI,East
ORD100679,04-10-2023,EL8194,Laptop,2,109734,15,186547.8,Net Banking,West
ORD100680,30-05-2023,EL1031,Speaker,4,57233,25,171699,Net Banking,North
ORD100681,21-07-2023,EL7936,Smartwatch,2,49738,0,99476,Credit Card,South
ORD100682,12-06-2023,EL9860,TV,1,38397,20,30717.6,UPI,Central
ORD100683,10-02-2023,EL6014,Headphones,1,87189,5,82829.55,Credit Card,North
ORD100684,02-03-2023,EL6960,Mobile,3,81367,20,195280.8,Debit Card,North
ORD100685,06-03-2023,EL4872,Camera,1,76260,5,72447,UPI,West
ORD100686,27-11-2023,EL1842,Camera,4,81619,20,261180.8,Debit Card,South
ORD100687,28-12-2023,EL9864,Smartwatch,1,116453,10,104807.7,EMI,East
ORD100688,14-01-2023,EL1015,TV,1,24816,5,23575.2,Debit Card,Central
ORD100689,24-04-2023,EL5737,Laptop,4,47240,20,151168,EMI,South
ORD100690,31-05-2023,EL1416,Laptop,2,11276,0,22552,EMI,Central
ORD100691,31-03-2023,EL3489,Camera,2,118939,10,214090.2,Debit Card,North
ORD100692,21-03-2023,EL9955,Smartwatch,4,109199,10,393116.4,Debit Card,West
ORD100693,16-10-2023,EL5098,Headphones,3,84530,0,253590,EMI,West
ORD100694,11-03-2023,EL3553,Laptop,1,28499,20,22799.2,UPI,East
ORD100695,05-04-2023,EL2497,Headphones,4,93576,15,318158.4,EMI,West
ORD100696,09-11-2023,EL6537,TV,1,113856,0,113856,Net Banking,North
ORD100697,17-12-2023,EL3326,Laptop,3,87495,20,209988,EMI,East
ORD100698,21-07-2023,EL5512,Laptop,1,76635,0,76635,UPI,South
ORD100699,04-11-2023,EL1200,Tablet,4,112803,0,451212,Net Banking,West
ORD100700,27-10-2023,EL3064,Laptop,1,90112,5,85606.4,Credit Card,East
ORD100701,20-12-2023,EL5846,Speaker,2,40946,20,65513.6,Credit Card,North
ORD100702,11-04-2023,EL2078,Mobile,3,60204,15,153520.2,UPI,Central
ORD100703,11-07-2023,EL5591,Speaker,3,56886,5,162125.1,EMI,Central
ORD100704,07-01-2023,EL2979,Smartwatch,3,76652,0,229956,Debit Card,North
ORD100705,31-03-2023,EL5233,Smartwatch,4,20563,25,61689,UPI,North
ORD100706,17-03-2023,EL2692,Headphones,3,97324,0,291972,Net Banking,Central
ORD100707,19-04-2023,EL3443,Speaker,2,97464,0,194928,Net Banking,East
ORD100708,02-05-2023,EL8199,Speaker,4,106872,20,341990.4,Credit Card,Central
ORD100709,10-05-2023,EL8725,Speaker,2,14847,20,23755.2,Net Banking,North
ORD100710,11-10-2023,EL4552,TV,1,31155,5,29597.25,UPI,West
ORD100711,26-05-2023,EL6941,Laptop,1,84671,15,71970.35,Net Banking,South
ORD100712,03-12-2023,EL6513,Mobile,1,88310,5,83894.5,UPI,West
ORD100713,04-11-2023,EL2096,Headphones,1,72278,10,65050.2,Debit Card,West
ORD100714,06-11-2023,EL3642,Speaker,2,23309,0,46618,Credit Card,North
ORD100715,14-10-2023,EL2598,Speaker,4,5619,25,16857,Net Banking,Central
ORD100716,08-10-2023,EL4956,Tablet,4,88194,0,352776,UPI,East
ORD100717,13-05-2023,EL9599,Headphones,3,55108,0,165324,EMI,West
ORD100718,14-09-2023,EL9968,Speaker,2,39707,5,75443.3,Credit Card,Central
ORD100719,14-09-2023,EL8902,Headphones,1,25337,25,19002.75,Debit Card,East
ORD100720,17-08-2023,EL6596,Laptop,2,86537,25,129805.5,UPI,West
ORD100721,21-11-2023,EL5406,Tablet,3,71504,25,160884,Debit Card,East
ORD100722,31-08-2023,EL3805,Headphones,3,52614,5,149949.9,Debit Card,Central
ORD100723,04-08-2023,EL6625,Mobile,2,96428,0,192856,Net Banking,South
ORD100724,25-12-2023,EL2580,Mobile,2,96155,5,182694.5,Net Banking,Central
ORD100725,16-12-2023,EL7541,Smartwatch,2,5281,20,8449.6,UPI,North
ORD100726,15-04-2023,EL2594,Tablet,4,32420,20,103744,EMI,East
ORD100727,18-01-2023,EL4749,Tablet,1,85896,5,81601.2,UPI,South
ORD100728,09-04-2023,EL7948,Smartwatch,2,44030,25,66045,EMI,East
ORD100729,18-07-2023,EL6425,Headphones,2,6058,0,12116,Debit Card,East
ORD100730,04-02-2023,EL4070,Tablet,2,91213,5,173304.7,Credit Card,West
ORD100731,01-02-2023,EL2182,Mobile,3,81260,5,231591,UPI,North
ORD100732,14-03-2023,EL4679,Mobile,3,33404,5,95201.4,UPI,East
ORD100733,02-04-2023,EL5196,Speaker,4,108482,10,390535.2,EMI,Central
ORD100734,05-05-2023,EL4344,Laptop,1,110284,20,88227.2,Debit Card,Central
ORD100735,01-03-2023,EL5034,Tablet,4,34856,25,104568,Debit Card,West
ORD100736,19-02-2023,EL1362,Headphones,1,14200,15,12070,EMI,North
ORD100737,31-07-2023,EL6444,Smartwatch,3,69178,25,155650.5,Debit Card,North
ORD100738,18-11-2023,EL9874,Smartwatch,3,38997,15,99442.35,Net Banking,Central
ORD100739,02-10-2023,EL3227,Headphones,3,30611,10,82649.7,Credit Card,South
ORD100740,04-06-2023,EL6748,TV,4,46235,5,175693,UPI,West
ORD100741,03-07-2023,EL7774,Camera,2,40057,10,72102.6,Credit Card,West
ORD100742,09-08-2023,EL4731,Laptop,2,6239,10,11230.2,UPI,Central
ORD100743,06-12-2023,EL3623,Smartwatch,3,108674,0,326022,Net Banking,Central
ORD100744,09-08-2023,EL7319,Tablet,2,119474,20,191158.4,Debit Card,South
ORD100745,04-10-2023,EL4170,Laptop,2,70661,15,120123.7,EMI,South
ORD100746,24-11-2023,EL5229,Tablet,4,50272,5,191033.6,Net Banking,North
ORD100747,03-11-2023,EL5110,TV,1,94393,15,80234.05,Credit Card,West
ORD100748,21-09-2023,EL3041,Mobile,3,66212,25,148977,EMI,West
ORD100749,12-06-2023,EL2371,Laptop,3,20398,15,52014.9,Debit Card,Central
ORD100750,21-01-2023,EL6253,Speaker,4,61503,25,184509,Net Banking,North
ORD100751,22-08-2023,EL5046,Smartwatch,4,11638,20,37241.6,EMI,West
ORD100752,14-10-2023,EL3460,Laptop,2,11570,25,17355,Net Banking,North
ORD100753,17-11-2023,EL7052,Laptop,3,73785,15,188151.75,Net Banking,North
ORD100754,16-12-2023,EL8227,Laptop,1,14110,15,11993.5,Debit Card,Central
ORD100755,26-12-2023,EL9117,Camera,4,110899,25,332697,UPI,North
ORD100756,27-08-2023,EL9793,Laptop,1,84141,10,75726.9,EMI,South
ORD100757,04-08-2023,EL9728,Tablet,1,17115,20,13692,Debit Card,South
ORD100758,08-04-2023,EL4942,Mobile,3,44062,0,132186,Net Banking,East
ORD100759,21-07-2023,EL7553,TV,3,27911,5,79546.35,Debit Card,Central
ORD100760,19-11-2023,EL4539,Headphones,4,109061,15,370807.4,UPI,East
ORD100761,06-11-2023,EL2129,Laptop,3,37556,5,107034.6,EMI,South
ORD100762,02-11-2023,EL5667,Smartwatch,3,83131,0,249393,UPI,East
ORD100763,20-05-2023,EL6053,Laptop,3,6969,5,19861.65,Credit Card,Central
ORD100764,20-12-2023,EL6205,Smartwatch,1,48753,0,48753,EMI,Central
ORD100765,05-10-2023,EL6180,Tablet,4,87811,25,263433,UPI,North
ORD100766,16-01-2023,EL4794,Smartwatch,2,9470,10,17046,Net Banking,West
ORD100767,28-12-2023,EL2982,Speaker,1,15225,15,12941.25,EMI,North
ORD100768,05-05-2023,EL2123,Headphones,3,112860,0,338580,EMI,Central
ORD100769,28-01-2023,EL1642,Mobile,1,112510,5,106884.5,Debit Card,South
ORD100770,07-07-2023,EL3793,Smartwatch,3,113295,15,288902.25,Net Banking,South
ORD100771,29-03-2023,EL3732,Smartwatch,3,28196,10,76129.2,Credit Card,North
ORD100772,31-05-2023,EL3452,Mobile,1,110823,25,83117.25,UPI,Central
ORD100773,25-02-2023,EL2356,Headphones,4,18669,15,63474.6,Debit Card,South
ORD100774,26-01-2023,EL9141,Laptop,3,42380,0,127140,UPI,Central
ORD100775,29-08-2023,EL9786,Smartwatch,4,115677,10,416437.2,Credit Card,South
ORD100776,21-09-2023,EL2332,Mobile,2,53320,5,101308,Credit Card,Central
ORD100777,05-03-2023,EL5000,Speaker,3,52414,10,141517.8,EMI,East
ORD100778,23-09-2023,EL2005,Speaker,4,108542,10,390751.2,Credit Card,Central
ORD100779,12-11-2023,EL3748,Tablet,4,20577,20,65846.4,UPI,Central
ORD100780,20-07-2023,EL3125,Mobile,2,93009,10,167416.2,Net Banking,North
ORD100781,22-05-2023,EL8420,Tablet,4,60409,10,217472.4,Net Banking,East
ORD100782,10-07-2023,EL5277,Speaker,4,33625,15,114325,EMI,West
ORD100783,13-04-2023,EL4344,Headphones,2,86040,5,163476,UPI,North
ORD100784,30-09-2023,EL8107,Laptop,3,29089,15,74176.95,UPI,West
ORD100785,14-08-2023,EL4810,Mobile,4,41487,15,141055.8,Credit Card,South
ORD100786,10-05-2023,EL6814,TV,4,70838,0,283352,UPI,West
ORD100787,07-04-2023,EL2948,Speaker,4,101999,15,346796.6,Debit Card,Central
ORD100788,02-05-2023,EL7932,Speaker,1,115448,20,92358.4,Credit Card,West
ORD100789,10-03-2023,EL8291,TV,2,99795,20,159672,Debit Card,North
ORD100790,14-04-2023,EL4210,Camera,1,55138,0,55138,EMI,North
ORD100791,19-05-2023,EL6446,Speaker,2,47823,25,71734.5,Net Banking,West
ORD100792,11-01-2023,EL9261,Smartwatch,3,42208,5,120292.8,EMI,North
ORD100793,11-10-2023,EL1798,Headphones,3,59061,5,168323.85,Net Banking,North
ORD100794,09-12-2023,EL6444,Mobile,4,35659,15,121240.6,EMI,West
ORD100795,02-09-2023,EL1726,TV,2,106376,15,180839.2,UPI,East
ORD100796,03-01-2023,EL8323,Smartwatch,3,36890,25,83002.5,Debit Card,East
ORD100797,09-01-2023,EL2092,TV,2,84134,15,143027.8,Net Banking,South
ORD100798,11-10-2023,EL4525,Mobile,3,52055,5,148356.75,Credit Card,North
ORD100799,04-02-2023,EL1202,Tablet,1,117269,10,105542.1,Debit Card,West
ORD100800,25-12-2023,EL2915,Mobile,3,24508,20,58819.2,Credit Card,North
ORD100801,20-12-2023,EL5678,Camera,1,47287,10,42558.3,Debit Card,Central
ORD100802,06-01-2023,EL6687,Mobile,3,83916,10,226573.2,Debit Card,North
ORD100803,10-07-2023,EL9146,Mobile,4,31984,5,121539.2,EMI,North
ORD100804,17-05-2023,EL1167,Camera,1,115169,10,103652.1,Net Banking,East
ORD100805,04-12-2023,EL8724,Headphones,3,13125,25,29531.25,Net Banking,West
ORD100806,28-06-2023,EL7033,Speaker,4,41059,0,164236,Debit Card,North
ORD100807,02-01-2023,EL3653,Mobile,1,74569,15,63383.65,UPI,East
ORD100808,31-10-2023,EL2353,Camera,4,108409,0,433636,UPI,South
ORD100809,03-05-2023,EL8627,Smartwatch,2,22087,20,35339.2,Credit Card,East
ORD100810,06-07-2023,EL7117,Tablet,2,111437,15,189442.9,Credit Card,East
ORD100811,22-09-2023,EL7267,Tablet,1,10704,10,9633.6,EMI,East
ORD100812,02-12-2023,EL9754,Mobile,3,65576,20,157382.4,Debit Card,North
ORD100813,11-06-2023,EL9109,Headphones,1,78384,15,66626.4,Credit Card,North
ORD100814,06-11-2023,EL9185,Headphones,4,92128,25,276384,Credit Card,South
ORD100815,14-02-2023,EL3565,Smartwatch,3,116279,25,261627.75,Debit Card,Central
ORD100816,23-02-2023,EL2063,Mobile,2,77460,25,116190,EMI,Central
ORD100817,25-12-2023,EL8084,Tablet,3,32208,25,72468,Credit Card,Central
ORD100818,24-11-2023,EL8800,Headphones,2,90150,10,162270,EMI,South
ORD100819,09-02-2023,EL7709,Mobile,3,71024,0,213072,Net Banking,Central
ORD100820,23-03-2023,EL2778,TV,3,44882,15,114449.1,EMI,Central
ORD100821,23-01-2023,EL6361,Headphones,3,30923,10,83492.1,UPI,East
ORD100822,19-07-2023,EL6969,Camera,4,119044,25,357132,UPI,North
ORD100823,04-11-2023,EL4944,TV,4,106477,0,425908,EMI,North
ORD100824,10-03-2023,EL3640,Speaker,1,34165,20,27332,UPI,East
ORD100825,04-02-2023,EL2598,Headphones,1,72203,20,57762.4,Net Banking,East
ORD100826,29-09-2023,EL4636,Tablet,2,96749,20,154798.4,Debit Card,East
ORD100827,21-04-2023,EL9350,Laptop,4,9114,25,27342,UPI,North
ORD100828,03-09-2023,EL5595,TV,2,69965,20,111944,UPI,Central
ORD100829,07-09-2023,EL4547,Speaker,1,41321,5,39254.95,EMI,East
ORD100830,16-02-2023,EL6719,Smartwatch,2,78297,15,133104.9,Net Banking,South
ORD100831,22-02-2023,EL1968,Smartwatch,1,101652,15,86404.2,Debit Card,East
ORD100832,28-11-2023,EL5722,Tablet,4,104304,25,312912,EMI,West
ORD100833,18-10-2023,EL7544,Headphones,3,118942,5,338984.7,EMI,East
ORD100834,28-02-2023,EL4018,Mobile,4,30426,10,109533.6,Net Banking,North
ORD100835,30-10-2023,EL6595,Headphones,2,22772,10,40989.6,Debit Card,East
ORD100836,08-11-2023,EL3517,Tablet,2,108754,20,174006.4,Net Banking,West
ORD100837,21-08-2023,EL2473,Smartwatch,4,8712,0,34848,Debit Card,South
ORD100838,25-04-2023,EL1157,Headphones,4,6367,10,22921.2,Net Banking,Central
ORD100839,30-12-2023,EL6800,Smartwatch,1,111493,0,111493,EMI,East
ORD100840,16-10-2023,EL8115,TV,2,112317,15,190938.9,EMI,West
ORD100841,09-01-2023,EL6732,Speaker,2,96736,0,193472,Credit Card,West
ORD100842,30-07-2023,EL2606,Mobile,4,56924,15,193541.6,UPI,South
ORD100843,13-11-2023,EL6485,TV,3,8726,5,24869.1,Net Banking,North
ORD100844,16-02-2023,EL4130,Smartwatch,2,94152,5,178888.8,Credit Card,East
ORD100845,13-03-2023,EL4703,Smartwatch,3,32723,25,73626.75,UPI,West
ORD100846,07-08-2023,EL6543,Laptop,4,108110,25,324330,Net Banking,South
ORD100847,23-12-2023,EL7822,Laptop,4,105494,20,337580.8,Debit Card,Central
ORD100848,15-04-2023,EL2896,TV,1,14108,10,12697.2,UPI,West
ORD100849,11-05-2023,EL5511,Camera,2,82714,20,132342.4,EMI,South
ORD100850,17-05-2023,EL9975,TV,3,40643,15,103639.65,Credit Card,North
ORD100851,12-06-2023,EL7401,Laptop,1,36324,20,29059.2,UPI,North
ORD100852,22-08-2023,EL9783,Smartwatch,2,108896,0,217792,UPI,West
ORD100853,07-03-2023,EL3132,Tablet,1,88360,15,75106,EMI,West
ORD100854,21-05-2023,EL3154,TV,4,115896,25,347688,Net Banking,East
ORD100855,21-08-2023,EL1796,Smartwatch,2,13927,5,26461.3,Debit Card,South
ORD100856,28-12-2023,EL5150,Tablet,1,98680,25,74010,EMI,West
ORD100857,12-08-2023,EL7820,Tablet,1,101546,10,91391.4,Debit Card,East
ORD100858,05-06-2023,EL1500,Laptop,3,27443,15,69979.65,Net Banking,East
ORD100859,11-12-2023,EL7549,TV,1,84973,15,72227.05,UPI,West
ORD100860,08-11-2023,EL4750,Headphones,2,68449,0,136898,Debit Card,North
ORD100861,23-08-2023,EL6746,Mobile,2,114834,10,206701.2,Credit Card,South
ORD100862,10-05-2023,EL3088,Laptop,3,110314,5,314394.9,Credit Card,South
ORD100863,19-08-2023,EL5672,Laptop,2,81743,15,138963.1,EMI,North
ORD100864,12-12-2023,EL9885,Headphones,4,65233,15,221792.2,Net Banking,West
ORD100865,24-01-2023,EL6936,Mobile,2,30537,0,61074,EMI,South
ORD100866,05-03-2023,EL8314,Smartwatch,2,106293,20,170068.8,EMI,West
ORD100867,25-12-2023,EL9704,Camera,1,82576,5,78447.2,EMI,West
ORD100868,23-03-2023,EL7172,TV,1,112522,25,84391.5,Credit Card,East
ORD100869,15-10-2023,EL9700,Camera,2,27612,10,49701.6,Credit Card,North
ORD100870,31-12-2023,EL3864,Smartwatch,3,98977,15,252391.35,EMI,West
ORD100871,16-05-2023,EL9998,Speaker,1,11471,15,9750.35,Credit Card,Central
ORD100872,27-09-2023,EL6183,Laptop,3,40631,25,91419.75,Net Banking,North
ORD100873,23-12-2023,EL8719,Mobile,2,113997,5,216594.3,EMI,South
ORD100874,20-10-2023,EL5998,Laptop,2,97059,20,155294.4,Credit Card,East
ORD100875,06-12-2023,EL6818,Tablet,4,36348,15,123583.2,Debit Card,South
ORD100876,23-08-2023,EL3561,Laptop,1,69732,5,66245.4,EMI,South
ORD100877,14-01-2023,EL4844,Laptop,2,6177,25,9265.5,EMI,North
ORD100878,16-09-2023,EL9560,Smartwatch,4,9760,0,39040,Net Banking,South
ORD100879,19-05-2023,EL1438,Smartwatch,1,37779,20,30223.2,UPI,West
ORD100880,11-02-2023,EL4571,Smartwatch,2,26636,10,47944.8,UPI,South
ORD100881,10-06-2023,EL8790,Camera,2,86889,15,147711.3,Net Banking,East
ORD100882,15-01-2023,EL1866,Tablet,1,58551,5,55623.45,Net Banking,East
ORD100883,26-09-2023,EL6448,Speaker,1,16556,0,16556,Net Banking,Central
ORD100884,15-12-2023,EL2675,Speaker,1,32598,10,29338.2,UPI,East
ORD100885,12-11-2023,EL6745,Smartwatch,2,16563,5,31469.7,Net Banking,South
ORD100886,04-05-2023,EL9983,Mobile,2,51819,5,98456.1,Credit Card,East
ORD100887,13-02-2023,EL9081,Camera,4,114326,10,411573.6,EMI,North
ORD100888,20-09-2023,EL2658,Headphones,3,78770,0,236310,EMI,East
ORD100889,29-08-2023,EL9617,Mobile,1,96055,25,72041.25,Debit Card,West
ORD100890,19-09-2023,EL6221,TV,2,31966,0,63932,Debit Card,North
ORD100891,28-08-2023,EL5187,TV,2,86709,20,138734.4,EMI,Central
ORD100892,18-12-2023,EL3337,Mobile,1,64889,15,55155.65,Credit Card,West
ORD100893,04-11-2023,EL9007,Smartwatch,3,31987,10,86364.9,UPI,South
ORD100894,07-01-2023,EL5526,Headphones,1,83714,25,62785.5,UPI,South
ORD100895,10-06-2023,EL2487,Headphones,3,109874,10,296659.8,Credit Card,South
ORD100896,13-01-2023,EL4716,Camera,2,63348,10,114026.4,UPI,West
ORD100897,09-08-2023,EL6483,Headphones,3,29596,0,88788,Net Banking,West
ORD100898,05-02-2023,EL9608,TV,4,38174,15,129791.6,EMI,West
ORD100899,15-09-2023,EL1179,Tablet,2,69106,20,110569.6,EMI,North
ORD100900,23-01-2023,EL4471,Smartwatch,4,112510,5,427538,Credit Card,North
ORD100901,12-08-2023,EL2236,Headphones,1,74967,5,71218.65,UPI,South
ORD100902,26-11-2023,EL5189,Camera,1,64182,10,57763.8,Debit Card,East
ORD100903,01-10-2023,EL6034,TV,1,98300,15,83555,Debit Card,South
ORD100904,02-09-2023,EL8121,Tablet,3,92163,25,207366.75,UPI,Central
ORD100905,17-09-2023,EL5794,Laptop,2,44310,0,88620,Debit Card,North
ORD100906,26-07-2023,EL2233,Laptop,1,61088,15,51924.8,Credit Card,West
ORD100907,18-02-2023,EL4645,Tablet,1,13906,15,11820.1,Credit Card,North
ORD100908,24-03-2023,EL8828,TV,2,41914,0,83828,UPI,West
ORD100909,10-02-2023,EL6340,Camera,1,115350,10,103815,Debit Card,Central
ORD100910,15-07-2023,EL6717,Tablet,4,50379,15,171288.6,Credit Card,Central
ORD100911,30-03-2023,EL5967,Smartwatch,2,83612,5,158862.8,Credit Card,North
ORD100912,14-04-2023,EL5031,Smartwatch,2,119828,0,239656,Net Banking,West
ORD100913,16-03-2023,EL1361,Laptop,2,42650,25,63975,Net Banking,Central
ORD100914,17-12-2023,EL2405,Headphones,4,51881,20,166019.2,Credit Card,South
ORD100915,28-04-2023,EL2478,Camera,2,51413,10,92543.4,UPI,South
ORD100916,25-05-2023,EL7128,Laptop,4,11012,0,44048,EMI,West
ORD100917,27-06-2023,EL7339,Headphones,2,55115,20,88184,EMI,North
ORD100918,27-12-2023,EL8888,Headphones,3,12151,20,29162.4,Credit Card,Central
ORD100919,11-01-2023,EL8798,Speaker,1,62716,25,47037,Credit Card,North
ORD100920,04-07-2023,EL9668,Smartwatch,3,98747,15,251804.85,Credit Card,South
ORD100921,24-01-2023,EL5692,TV,1,97653,25,73239.75,UPI,Central
ORD100922,06-09-2023,EL7289,Mobile,4,41378,15,140685.2,Net Banking,North
ORD100923,23-09-2023,EL8626,TV,3,47652,15,121512.6,Credit Card,East
ORD100924,07-09-2023,EL5997,Mobile,2,77430,0,154860,Credit Card,West
ORD100925,30-08-2023,EL8809,Tablet,1,18467,0,18467,Debit Card,West
ORD100926,21-01-2023,EL3309,Smartwatch,1,36010,10,32409,UPI,East
ORD100927,18-06-2023,EL2024,Headphones,3,119793,15,305472.15,Credit Card,South
ORD100928,12-04-2023,EL1231,Camera,4,59691,20,191011.2,Debit Card,Central
ORD100929,04-01-2023,EL9620,Mobile,3,69157,5,197097.45,EMI,West
ORD100930,27-10-2023,EL6319,TV,4,113177,10,407437.2,Credit Card,East
ORD100931,22-05-2023,EL4993,Headphones,4,17289,0,69156,Credit Card,East
ORD100932,18-04-2023,EL4851,Mobile,1,49976,25,37482,Debit Card,South
ORD100933,27-09-2023,EL5190,Mobile,3,48596,10,131209.2,UPI,South
ORD100934,08-06-2023,EL3561,Speaker,3,28171,10,76061.7,Credit Card,North
ORD100935,18-08-2023,EL7498,Mobile,4,105441,10,379587.6,EMI,West
ORD100936,02-06-2023,EL8046,Camera,3,91365,10,246685.5,Credit Card,North
ORD100937,31-03-2023,EL1514,Smartwatch,2,104590,5,198721,EMI,East
ORD100938,08-01-2023,EL1135,Camera,2,119014,25,178521,Net Banking,Central
ORD100939,25-06-2023,EL5055,Laptop,3,49139,25,110562.75,Net Banking,Central
ORD100940,25-01-2023,EL9707,Headphones,3,53713,25,120854.25,EMI,South
ORD100941,16-06-2023,EL3040,Smartwatch,4,34734,15,118095.6,UPI,Central
ORD100942,01-07-2023,EL8626,Speaker,2,77588,20,124140.8,Credit Card,Central
ORD100943,01-08-2023,EL1874,Smartwatch,2,68646,25,102969,Credit Card,Central
ORD100944,06-03-2023,EL7173,Smartwatch,1,8654,10,7788.6,Net Banking,East
ORD100945,16-08-2023,EL4769,TV,4,94022,10,338479.2,EMI,Central
ORD100946,05-07-2023,EL2740,Smartwatch,1,23743,25,17807.25,Credit Card,Central
ORD100947,31-07-2023,EL3295,Speaker,2,53368,25,80052,Credit Card,Central
ORD100948,31-12-2023,EL5901,Camera,4,95025,10,342090,UPI,North
ORD100949,23-09-2023,EL2398,Smartwatch,3,79172,15,201888.6,Debit Card,East
ORD100950,20-03-2023,EL8780,Tablet,4,11441,0,45764,Net Banking,South
ORD100951,11-05-2023,EL6447,Headphones,3,29611,0,88833,Net Banking,North
ORD100952,26-06-2023,EL3762,Smartwatch,3,112971,25,254184.75,Debit Card,West
ORD100953,30-01-2023,EL6751,Headphones,4,17149,5,65166.2,Credit Card,East
ORD100954,21-04-2023,EL6002,Tablet,3,105102,25,236479.5,UPI,East
ORD100955,03-12-2023,EL5509,Tablet,1,64189,25,48141.75,UPI,West
ORD100956,08-12-2023,EL8641,Headphones,2,112904,0,225808,Net Banking,West
ORD100957,21-05-2023,EL1180,Mobile,3,26675,10,72022.5,UPI,West
ORD100958,15-09-2023,EL5579,Laptop,1,76031,25,57023.25,Debit Card,South
ORD100959,14-12-2023,EL6089,TV,3,47668,10,128703.6,Credit Card,Central
ORD100960,23-07-2023,EL4536,Mobile,2,18673,10,33611.4,Debit Card,East
ORD100961,16-03-2023,EL3401,Mobile,1,81666,5,77582.7,EMI,Central
ORD100962,22-10-2023,EL9283,Camera,2,93204,10,167767.2,Net Banking,Central
ORD100963,13-05-2023,EL4829,TV,2,85758,0,171516,UPI,West
ORD100964,19-11-2023,EL3116,TV,1,70429,15,59864.65,EMI,South
ORD100965,19-01-2023,EL1446,Mobile,1,28669,15,24368.65,UPI,North
ORD100966,26-08-2023,EL8507,Smartwatch,1,39068,20,31254.4,Credit Card,South
ORD100967,05-01-2023,EL5089,Camera,4,93789,25,281367,Credit Card,Central
ORD100968,13-09-2023,EL9562,Camera,1,14435,0,14435,Credit Card,South
ORD100969,24-07-2023,EL7559,Tablet,1,99088,10,89179.2,UPI,West
ORD100970,22-05-2023,EL8268,Speaker,1,57249,15,48661.65,EMI,North
ORD100971,11-01-2023,EL5352,TV,1,42384,0,42384,Credit Card,West
ORD100972,10-11-2023,EL4840,Mobile,3,86929,15,221668.95,EMI,North
ORD100973,30-07-2023,EL6154,Tablet,4,81153,10,292150.8,UPI,Central
ORD100974,02-07-2023,EL6649,Headphones,2,109056,15,185395.2,EMI,North
ORD100975,15-09-2023,EL9934,Laptop,1,80388,25,60291,UPI,North
ORD100976,12-01-2023,EL4584,Speaker,3,36401,25,81902.25,UPI,North
ORD100977,23-11-2023,EL5788,Speaker,3,76831,20,184394.4,Net Banking,South
ORD100978,16-06-2023,EL4536,Speaker,3,106529,20,255669.6,UPI,South
ORD100979,08-11-2023,EL5637,Camera,2,39084,15,66442.8,UPI,Central
ORD100980,16-10-2023,EL8457,Headphones,1,115641,0,115641,Debit Card,North
ORD100981,26-04-2023,EL1428,Speaker,4,110111,25,330333,Credit Card,East
ORD100982,02-11-2023,EL5492,Headphones,4,60826,0,243304,Net Banking,Central
ORD100983,17-01-2023,EL6824,Smartwatch,3,41451,0,124353,Net Banking,North
ORD100984,12-04-2023,EL7318,Speaker,2,12227,15,20785.9,Net Banking,North
ORD100985,07-11-2023,EL8332,Laptop,2,36910,0,73820,Debit Card,South
ORD100986,24-08-2023,EL1294,Headphones,2,41041,25,61561.5,UPI,Central
ORD100987,06-05-2023,EL8414,Headphones,4,93920,10,338112,Credit Card,North
ORD100988,19-06-2023,EL9671,Laptop,3,70681,20,169634.4,EMI,North
ORD100989,24-01-2023,EL3265,Speaker,1,108314,10,97482.6,UPI,Central
ORD100990,12-11-2023,EL6277,Laptop,4,86571,0,346284,Debit Card,East
ORD100991,07-09-2023,EL9877,Headphones,3,70481,10,190298.7,UPI,Central
ORD100992,09-05-2023,EL2510,Laptop,3,73576,25,165546,UPI,Central
ORD100993,19-12-2023,EL5925,Headphones,1,112958,25,84718.5,Debit Card,East
ORD100994,27-07-2023,EL6003,Headphones,1,69174,0,69174,Net Banking,Central
ORD100995,16-07-2023,EL7135,Smartwatch,1,31160,15,26486,Net Banking,North
ORD100996,10-02-2023,EL8204,Mobile,2,22633,10,40739.4,Credit Card,Central
ORD100997,27-03-2023,EL6275,Headphones,1,99880,15,84898,Credit Card,East
ORD100998,22-12-2023,EL6171,Speaker,3,22014,15,56135.7,Net Banking,West
ORD100999,14-02-2023,EL9420,Tablet,1,85532,5,81255.4,EMI,Central
